{"text": "\u5439\u6c14", "segments": [{"id": 0, "seek": 0, "start": 0.0, "end": 1.0, "text": "\u5439\u6c14", "tokens": [50364, 2392, 117, 42204, 50414], "temperature": 0.0, "avg_logprob": -0.38225940863291424, "compression_ratio": 0.42857142857142855, "no_speech_prob": 0.06332748383283615}], "language": "Chinese"}