{"text": "\u5154\u5b50", "segments": [{"id": 0, "seek": 0, "start": 0.0, "end": 1.0, "text": "\u5154\u5b50", "tokens": [50364, 2347, 242, 7626, 50414], "temperature": 0.0, "avg_logprob": -0.3504585027694702, "compression_ratio": 0.42857142857142855, "no_speech_prob": 0.16522081196308136}], "language": "Chinese"}