{"text": "\u7dbf\u7f8a", "segments": [{"id": 0, "seek": 0, "start": 0.0, "end": 1.0, "text": "\u7dbf\u7f8a", "tokens": [50364, 9261, 123, 7248, 232, 50414], "temperature": 0.0, "avg_logprob": -0.48445306505475727, "compression_ratio": 0.42857142857142855, "no_speech_prob": 0.11682745814323425}], "language": "Chinese"}