{"text": "\u72d7", "segments": [{"id": 0, "seek": 0, "start": 0.0, "end": 1.0, "text": "\u72d7", "tokens": [50364, 18637, 245, 50414], "temperature": 0.0, "avg_logprob": -0.5093163013458252, "compression_ratio": 0.2727272727272727, "no_speech_prob": 0.2440027892589569}], "language": "Chinese"}