{"text": "\u725b", "segments": [{"id": 0, "seek": 0, "start": 0.0, "end": 0.64, "text": "\u725b", "tokens": [50364, 40003, 50396], "temperature": 0.0, "avg_logprob": -0.7097795009613037, "compression_ratio": 0.2727272727272727, "no_speech_prob": 0.28329578042030334}], "language": "Chinese"}