{"text": "\u8c93\u54aa", "segments": [{"id": 0, "seek": 0, "start": 0.0, "end": 1.0, "text": "\u8c93\u54aa", "tokens": [50364, 11561, 241, 8975, 103, 50414], "temperature": 0.0, "avg_logprob": -0.3158055033002581, "compression_ratio": 0.42857142857142855, "no_speech_prob": 0.1660371571779251}], "language": "Chinese"}