{"text": "\u7b11\u5b8c", "segments": [{"id": 0, "seek": 0, "start": 0.0, "end": 1.0, "text": "\u7b11\u5b8c", "tokens": [50364, 11600, 14128, 50414], "temperature": 0.0, "avg_logprob": -0.5024474143981934, "compression_ratio": 0.42857142857142855, "no_speech_prob": 0.12621203064918518}], "language": "Chinese"}