{"text": "\u518d\u5927\u58f0\u4e00\u70b9 \u795e\u542c\u4e0d\u5230\u4f60\u554a", "segments": [{"id": 0, "seek": 0, "start": 0.0, "end": 2.84, "text": "\u518d\u5927\u58f0\u4e00\u70b9 \u795e\u542c\u4e0d\u5230\u4f60\u554a", "tokens": [50364, 8623, 3582, 32045, 49042, 220, 20432, 31022, 35728, 2166, 4905, 50506], "temperature": 0.0, "avg_logprob": -0.3388702319218562, "compression_ratio": 0.7555555555555555, "no_speech_prob": 0.07528599351644516}], "language": "Chinese"}