{"text": "\u7528\u529b\u558a\u51fa\u8981\u6709\u5149", "segments": [{"id": 0, "seek": 0, "start": 0.0, "end": 2.0, "text": "\u7528\u529b\u558a\u51fa\u8981\u6709\u5149", "tokens": [50364, 9254, 13486, 5234, 232, 7781, 4275, 2412, 20690, 50464], "temperature": 0.0, "avg_logprob": -0.23403143882751465, "compression_ratio": 0.7, "no_speech_prob": 0.08057012408971786}], "language": "Chinese"}