{"text": "\u795e\u8bf4\u8981\u6709\u5149\u5c31\u6709\u4e86\u5149", "segments": [{"id": 0, "seek": 0, "start": 0.0, "end": 3.0, "text": "\u795e\u8bf4\u8981\u6709\u5149\u5c31\u6709\u4e86\u5149", "tokens": [50364, 20432, 8090, 4275, 2412, 20690, 3111, 2412, 2289, 20690, 50514], "temperature": 0.0, "avg_logprob": -0.3650408585866292, "compression_ratio": 0.7941176470588235, "no_speech_prob": 0.04540751874446869}], "language": "Chinese"}