{"text": "\u592a\u68d2\u4e86,\u5149\u51fa\u73fe\u4e86", "segments": [{"id": 0, "seek": 0, "start": 0.0, "end": 2.7600000000000002, "text": "\u592a\u68d2\u4e86,\u5149\u51fa\u73fe\u4e86", "tokens": [50364, 9455, 23514, 2289, 11, 20690, 7781, 9581, 2289, 50502], "temperature": 0.0, "avg_logprob": -0.4710413325916637, "compression_ratio": 0.7333333333333333, "no_speech_prob": 0.08429034799337387}], "language": "Chinese"}