{"text": "\u518d\u8bd5\u4e00\u6b21,\u628a\u4e91\u62d6\u5929\u4e0a\u6c34\u62d6\u5730\u4e0b", "segments": [{"id": 0, "seek": 0, "start": 0.0, "end": 4.4, "text": "\u518d\u8bd5\u4e00\u6b21,\u628a\u4e91\u62d6\u5929\u4e0a\u6c34\u62d6\u5730\u4e0b", "tokens": [50364, 8623, 5233, 243, 27505, 11, 16075, 1369, 239, 6852, 244, 6135, 5708, 15590, 6852, 244, 10928, 4438, 50584], "temperature": 0.0, "avg_logprob": -0.24572107791900635, "compression_ratio": 0.8163265306122449, "no_speech_prob": 0.04282718896865845}], "language": "Chinese"}