{"text": "\u6258\u4e91\u4e0a\u5929\u7a7a \u6258\u6c34\u4e0b\u5730\u4e0b", "segments": [{"id": 0, "seek": 0, "start": 0.0, "end": 3.6, "text": "\u6258\u4e91\u4e0a\u5929\u7a7a \u6258\u6c34\u4e0b\u5730\u4e0b", "tokens": [50364, 3416, 246, 1369, 239, 5708, 6135, 23322, 220, 3416, 246, 15590, 4438, 10928, 4438, 50544], "temperature": 0.0, "avg_logprob": -0.30266562630148497, "compression_ratio": 0.775, "no_speech_prob": 0.11327576637268066}], "language": "Chinese"}