{"text": "\u795e\u8bf4 \u73e0\u6c34\u4e4b\u95f4\u8981\u6709\u7a7a\u6c14 \u5c06\u6c34\u5206\u6210\u4e0a\u4e0b", "segments": [{"id": 0, "seek": 0, "start": 0.0, "end": 5.36, "text": "\u795e\u8bf4 \u73e0\u6c34\u4e4b\u95f4\u8981\u6709\u7a7a\u6c14 \u5c06\u6c34\u5206\u6210\u4e0a\u4e0b", "tokens": [50364, 20432, 8090, 220, 8434, 254, 15590, 9574, 31685, 4275, 2412, 23322, 42204, 220, 45456, 15590, 6627, 11336, 5708, 4438, 50632], "temperature": 0.0, "avg_logprob": -0.2533316828987815, "compression_ratio": 0.819672131147541, "no_speech_prob": 0.05332442745566368}], "language": "Chinese"}