{"text": "\u5929\u7a7a\u548c\u9678\u5730\u5206\u5f00\u4e86", "segments": [{"id": 0, "seek": 0, "start": 0.0, "end": 2.0, "text": "\u5929\u7a7a\u548c\u9678\u5730\u5206\u5f00\u4e86", "tokens": [50364, 6135, 23322, 12565, 8842, 116, 10928, 6627, 18937, 2289, 50464], "temperature": 0.0, "avg_logprob": -0.25826241572697956, "compression_ratio": 0.6857142857142857, "no_speech_prob": 0.04354151338338852}], "language": "Chinese"}