{"text": "\u518d\u8bd5\u4e00\u6b21\u628a\u690d\u7269\u90fd\u653e\u5230\u5730\u4e0a", "segments": [{"id": 0, "seek": 0, "start": 0.0, "end": 1.04, "text": "\u518d\u8bd5\u4e00\u6b21", "tokens": [50364, 8623, 5233, 243, 27505, 50416], "temperature": 0.0, "avg_logprob": -0.40355446603563094, "compression_ratio": 0.7659574468085106, "no_speech_prob": 0.0438757985830307}, {"id": 1, "seek": 0, "start": 1.54, "end": 3.34, "text": "\u628a\u690d\u7269\u90fd\u653e\u5230\u5730\u4e0a", "tokens": [50441, 16075, 38739, 235, 23516, 7182, 12744, 4511, 10928, 5708, 50531], "temperature": 0.0, "avg_logprob": -0.40355446603563094, "compression_ratio": 0.7659574468085106, "no_speech_prob": 0.0438757985830307}], "language": "Chinese"}