{"text": "\u62d6\u8349\u5730\u3001\u6811\u6728\u82b1\u6735\u5230\u5730\u4e0a", "segments": [{"id": 0, "seek": 0, "start": 0.0, "end": 3.6, "text": "\u62d6\u8349\u5730\u3001\u6811\u6728\u82b1\u6735\u5230\u5730\u4e0a", "tokens": [50364, 6852, 244, 31409, 231, 10928, 1231, 8987, 239, 41437, 20127, 1474, 113, 4511, 10928, 5708, 50544], "temperature": 0.0, "avg_logprob": -0.29606980747646755, "compression_ratio": 0.7857142857142857, "no_speech_prob": 0.08268927037715912}], "language": "Chinese"}