{"text": "\u795e\u8aaa,\u5730\u7344\u9577\u51fa\u9752\u8349\u3001\u83dc\u6a39\u548c\u679c\u6a39", "segments": [{"id": 0, "seek": 0, "start": 0.0, "end": 4.6000000000000005, "text": "\u795e\u8aaa,\u5730\u7344\u9577\u51fa\u9752\u8349\u3001\u83dc\u6a39\u548c\u679c\u6a39", "tokens": [50364, 20432, 4622, 11, 10928, 29057, 226, 15353, 7781, 37462, 31409, 231, 1231, 33025, 47169, 12565, 9319, 47169, 50594], "temperature": 0.0, "avg_logprob": -0.3995733022689819, "compression_ratio": 0.8269230769230769, "no_speech_prob": 0.09316276758909225}], "language": "Chinese"}