{"text": "\u8349\u5730\u3001\u6811\u6728\u548c\u82b1\u6735\u90fd\u51fa\u73b0\u4e86", "segments": [{"id": 0, "seek": 0, "start": 0.0, "end": 3.44, "text": "\u8349\u5730\u3001\u6811\u6728\u548c\u82b1\u6735\u90fd\u51fa\u73b0\u4e86", "tokens": [50364, 31409, 231, 10928, 1231, 8987, 239, 41437, 12565, 20127, 1474, 113, 7182, 7781, 20204, 2289, 50536], "temperature": 0.0, "avg_logprob": -0.2368930180867513, "compression_ratio": 0.7659574468085106, "no_speech_prob": 0.022914543747901917}], "language": "Chinese"}