{"text": "\u518d\u8bd5\u4e00\u6b21\u592a\u9633\u53bb\u767d\u5929\u6708\u4eae\u661f\u661f\u53bb\u591c\u665a", "segments": [{"id": 0, "seek": 0, "start": 0.0, "end": 1.0, "text": "\u518d\u8bd5\u4e00\u6b21", "tokens": [50364, 8623, 5233, 243, 27505, 50414], "temperature": 0.0, "avg_logprob": -0.402263879776001, "compression_ratio": 0.8135593220338984, "no_speech_prob": 0.10493124276399612}, {"id": 1, "seek": 0, "start": 1.8800000000000001, "end": 3.08, "text": "\u592a\u9633\u53bb\u767d\u5929", "tokens": [50458, 9455, 10034, 111, 6734, 13558, 6135, 50518], "temperature": 0.0, "avg_logprob": -0.402263879776001, "compression_ratio": 0.8135593220338984, "no_speech_prob": 0.10493124276399612}, {"id": 2, "seek": 0, "start": 3.44, "end": 5.04, "text": "\u6708\u4eae\u661f\u661f\u53bb\u591c\u665a", "tokens": [50536, 6939, 22991, 20682, 20682, 6734, 30124, 27080, 50616], "temperature": 0.0, "avg_logprob": -0.402263879776001, "compression_ratio": 0.8135593220338984, "no_speech_prob": 0.10493124276399612}], "language": "Chinese"}