{"text": "\u6258\u592a\u9633\u53bb\u767d\u5929 \u6258\u6708\u4eae\u661f\u661f\u53bb\u591c\u665a", "segments": [{"id": 0, "seek": 0, "start": 0.0, "end": 4.0, "text": "\u6258\u592a\u9633\u53bb\u767d\u5929 \u6258\u6708\u4eae\u661f\u661f\u53bb\u591c\u665a", "tokens": [50364, 3416, 246, 9455, 10034, 111, 6734, 13558, 6135, 220, 3416, 246, 6939, 22991, 20682, 20682, 6734, 30124, 27080, 50564], "temperature": 0.0, "avg_logprob": -0.24403406324840726, "compression_ratio": 0.8269230769230769, "no_speech_prob": 0.03789149597287178}], "language": "Chinese"}