{"text": "\u5929\u4e0a\u8981\u6709\u5149\u9ad4\u505a\u8a18\u865f\u5b9a\u7bc0\u4ee4\u65e5\u5b50 \u5e74\u6b72", "segments": [{"id": 0, "seek": 0, "start": 0.0, "end": 2.0, "text": "\u5929\u4e0a\u8981\u6709\u5149\u9ad4", "tokens": [50364, 6135, 5708, 4275, 2412, 20690, 23987, 50464], "temperature": 0.0, "avg_logprob": -0.4702323400057279, "compression_ratio": 0.8166666666666667, "no_speech_prob": 0.11655758321285248}, {"id": 1, "seek": 0, "start": 2.0, "end": 3.2, "text": "\u505a\u8a18\u865f", "tokens": [50464, 10907, 16958, 18616, 50524], "temperature": 0.0, "avg_logprob": -0.4702323400057279, "compression_ratio": 0.8166666666666667, "no_speech_prob": 0.11655758321285248}, {"id": 2, "seek": 0, "start": 3.2, "end": 4.6000000000000005, "text": "\u5b9a\u7bc0\u4ee4", "tokens": [50524, 12088, 27694, 49061, 50594], "temperature": 0.0, "avg_logprob": -0.4702323400057279, "compression_ratio": 0.8166666666666667, "no_speech_prob": 0.11655758321285248}, {"id": 3, "seek": 0, "start": 4.6000000000000005, "end": 6.4, "text": "\u65e5\u5b50 \u5e74\u6b72", "tokens": [50594, 6890, 7626, 220, 5157, 26256, 50684], "temperature": 0.0, "avg_logprob": -0.4702323400057279, "compression_ratio": 0.8166666666666667, "no_speech_prob": 0.11655758321285248}], "language": "Chinese"}