{"text": "\u4e8b\u4e1a\u5206\u5f00\u4e86", "segments": [{"id": 0, "seek": 0, "start": 0.0, "end": 1.6, "text": "\u4e8b\u4e1a\u5206\u5f00\u4e86", "tokens": [50364, 6973, 940, 248, 6627, 18937, 2289, 50444], "temperature": 0.0, "avg_logprob": -0.4993335935804579, "compression_ratio": 0.625, "no_speech_prob": 0.07525401562452316}], "language": "Chinese"}