{"text": "\u518d\u8bd5\u4e00\u6b21 \u6293\u9c7c\u8fdb\u6d77\u91cc \u6447\u6811\u51fa\u9e1f\u513f", "segments": [{"id": 0, "seek": 0, "start": 0.0, "end": 4.16, "text": "\u518d\u8bd5\u4e00\u6b21 \u6293\u9c7c\u8fdb\u6d77\u91cc \u6447\u6811\u51fa\u9e1f\u513f", "tokens": [50364, 8623, 5233, 243, 27505, 220, 43069, 165, 109, 120, 36700, 20078, 15759, 220, 34783, 229, 8987, 239, 7781, 165, 116, 253, 22933, 50572], "temperature": 0.0, "avg_logprob": -0.31613759994506835, "compression_ratio": 0.8, "no_speech_prob": 0.06344188004732132}], "language": "Chinese"}