{"text": "\u6293\u9b5a\u3001\u6416\u6a39\u3001\u51fa\u9ce5\u5152", "segments": [{"id": 0, "seek": 0, "start": 0.0, "end": 2.84, "text": "\u6293\u9b5a\u3001\u6416\u6a39\u3001\u51fa\u9ce5\u5152", "tokens": [50364, 43069, 40042, 1231, 22220, 244, 47169, 1231, 7781, 47238, 98, 35125, 50506], "temperature": 0.0, "avg_logprob": -0.3724126134599958, "compression_ratio": 0.75, "no_speech_prob": 0.1314595639705658}], "language": "Chinese"}