{"text": "\u795e\u8bf4,\u6c34\u8981\u591a\u591a\u6ecb\u751f\u3002\u6709\u751f\u547d\u7684\u7269\u8981\u6709\u96c0\u9e1f\u98de\u5728\u5730\u9762\u4e4b\u4e0a,\u5929\u7a7a\u4e4b\u4e2d\u3002", "segments": [{"id": 0, "seek": 0, "start": 0.0, "end": 8.4, "text": "\u795e\u8bf4,\u6c34\u8981\u591a\u591a\u6ecb\u751f\u3002\u6709\u751f\u547d\u7684\u7269\u8981\u6709\u96c0\u9e1f\u98de\u5728\u5730\u9762\u4e4b\u4e0a,\u5929\u7a7a\u4e4b\u4e2d\u3002", "tokens": [50364, 20432, 8090, 11, 15590, 4275, 6392, 6392, 15868, 233, 8244, 1543, 2412, 8244, 25236, 1546, 23516, 4275, 2412, 6306, 222, 165, 116, 253, 11808, 252, 3581, 10928, 8833, 9574, 5708, 11, 6135, 23322, 9574, 5975, 1543, 50784], "temperature": 0.0, "avg_logprob": -0.19760523086939102, "compression_ratio": 0.9368421052631579, "no_speech_prob": 0.1312682330608368}], "language": "Chinese"}