{"text": "\u6d77\u91cc\u548c\u5929\u4e0a\u7684\u52a8\u7269\u90fd\u51fa\u73b0\u4e86", "segments": [{"id": 0, "seek": 0, "start": 0.0, "end": 2.7600000000000002, "text": "\u6d77\u91cc\u548c\u5929\u4e0a\u7684\u52a8\u7269\u90fd\u51fa\u73b0\u4e86", "tokens": [50364, 20078, 15759, 12565, 6135, 5708, 1546, 34961, 23516, 7182, 7781, 20204, 2289, 50502], "temperature": 0.0, "avg_logprob": -0.21681168874104817, "compression_ratio": 0.7659574468085106, "no_speech_prob": 0.018927233293652534}], "language": "Chinese"}