{"text": "\u518d\u8bd5\u4e00\u6b21 \u70b9\u51fb\u52a8\u7269\u518d\u70b9\u6ce5\u571f\u9020\u4eba", "segments": [{"id": 0, "seek": 0, "start": 0.0, "end": 4.32, "text": "\u518d\u8bd5\u4e00\u6b21 \u70b9\u51fb\u52a8\u7269\u518d\u70b9\u6ce5\u571f\u9020\u4eba", "tokens": [50364, 8623, 5233, 243, 27505, 220, 12579, 6336, 119, 34961, 23516, 8623, 12579, 6847, 98, 45506, 37583, 4035, 50580], "temperature": 0.0, "avg_logprob": -0.2742995500564575, "compression_ratio": 0.7962962962962963, "no_speech_prob": 0.3402020037174225}], "language": "Chinese"}