{"text": "\u70b9\u51fb\u52a8\u7269\u5b66\u4e60\u540d\u79f0,\u70b9\u51fb\u6ce5\u571f\u9020\u4e9a\u5f53\u3002", "segments": [{"id": 0, "seek": 0, "start": 0.0, "end": 3.8000000000000003, "text": "\u70b9\u51fb\u52a8\u7269\u5b66\u4e60\u540d\u79f0,\u70b9\u51fb\u6ce5\u571f\u9020\u4e9a\u5f53\u3002", "tokens": [50364, 12579, 6336, 119, 34961, 23516, 29618, 2930, 254, 15940, 8204, 108, 11, 12579, 6336, 119, 6847, 98, 45506, 37583, 1369, 248, 16233, 1543, 50554], "temperature": 0.0, "avg_logprob": -0.1768501171698937, "compression_ratio": 0.8448275862068966, "no_speech_prob": 0.42578309774398804}], "language": "Chinese"}