{"text": "\u795e\u8bf4,\u6211\u4eec\u8981\u7167\u7740\u6211\u4eec\u7684\u5f62\u8c61,\u6309\u7740\u6211\u4eec\u7684\u6837\u5f0f\u9020\u4eba\u3002", "segments": [{"id": 0, "seek": 0, "start": 0.0, "end": 5.36, "text": "\u795e\u8bf4,\u6211\u4eec\u8981\u7167\u7740\u6211\u4eec\u7684\u5f62\u8c61,\u6309\u7740\u6211\u4eec\u7684\u6837\u5f0f\u9020\u4eba\u3002", "tokens": [50364, 20432, 8090, 11, 15003, 4275, 32150, 20708, 15003, 1546, 30900, 45007, 11, 26613, 20708, 15003, 1546, 14496, 27584, 37583, 4035, 1543, 50632], "temperature": 0.0, "avg_logprob": -0.24855279922485352, "compression_ratio": 1.0303030303030303, "no_speech_prob": 0.040742918848991394}], "language": "Chinese"}