{"text": "\u795e\u770b\u7740\u4e00\u5207\u6240\u9a9a\u7684\u90fd\u751a\u597d", "segments": [{"id": 0, "seek": 0, "start": 0.0, "end": 2.56, "text": "\u795e\u770b\u7740\u4e00\u5207\u6240\u9a9a\u7684\u90fd\u751a\u597d", "tokens": [50364, 20432, 4200, 20708, 2257, 23632, 5966, 49657, 248, 1546, 7182, 17556, 2131, 50492], "temperature": 0.0, "avg_logprob": -0.34868698120117186, "compression_ratio": 0.75, "no_speech_prob": 0.03156382963061333}], "language": "Chinese"}