{"text": "\u4e03\u5929\u5275\u9020\u5b8c\u6210 \u795e\u7528\u4e03\u5929\u5275\u9020\u4e86\u7f8e\u9e97\u7684\u4e16\u754c \u8ba9\u6211\u4eec\u4e00\u8d77\u611f\u8c22\u795e", "segments": [{"id": 0, "seek": 0, "start": 0.0, "end": 7.5600000000000005, "text": "\u4e03\u5929\u5275\u9020\u5b8c\u6210 \u795e\u7528\u4e03\u5929\u5275\u9020\u4e86\u7f8e\u9e97\u7684\u4e16\u754c \u8ba9\u6211\u4eec\u4e00\u8d77\u611f\u8c22\u795e", "tokens": [50364, 29920, 6135, 5935, 113, 37583, 41509, 220, 20432, 9254, 29920, 6135, 5935, 113, 37583, 2289, 9175, 3994, 245, 1546, 24486, 220, 33650, 15003, 29567, 9709, 11340, 20432, 50742], "temperature": 0.0, "avg_logprob": -0.23882649739583334, "compression_ratio": 0.9523809523809523, "no_speech_prob": 0.19889679551124573}], "language": "Chinese"}